<?xml version="1.0" encoding="UTF-8"?>
<jcr:root xmlns:sling="http://sling.apache.org/jcr/sling/1.0" xmlns:cq="http://www.day.com/jcr/cq/1.0" xmlns:jcr="http://www.jcp.org/jcr/1.0" xmlns:nt="http://www.jcp.org/jcr/nt/1.0"
    jcr:primaryType="sling:OrderedFolder">
    <jcr:content
        cq:conf="/conf/aem-site-template-basic"
        jcr:primaryType="nt:unstructured"
        jcr:title="aem-site-template-basic">
        <folderThumbnail/>
    </jcr:content>
    <asset.jpg/>
    <Image_x0040_2x.png/>
    <Group_x0020_3458_x0040_2x.png/>
    <building_large.png/>
    <footer_image.png/>
    <fonts/>
    <logovancouver.png/>
    <logovancouver.svg/>
    <heroimage.png/>
    <popular/>
    <hiddengems/>
    <hotels/>
    <explorethecity/>
    <attractions/>
    <heroattraction.png/>
    <herodetails.png/>
    <stanleyparkgallery.png/>
</jcr:root>
