<?xml version="1.0" encoding="UTF-8"?>
<jcr:root xmlns:sling="http://sling.apache.org/jcr/sling/1.0" xmlns:cq="http://www.day.com/jcr/cq/1.0" xmlns:jcr="http://www.jcp.org/jcr/1.0" xmlns:nt="http://www.jcp.org/jcr/nt/1.0"
    jcr:primaryType="cq:Page">
    <jcr:content
        cq:contextHubPath="/etc/cloudsettings/default/contexthub"
        cq:contextHubSegmentsPath="/etc/segmentation/contexthub"
        cq:redirectTarget="/content/aem-site-template-basic/en/home"
        cq:template="/conf/aem-site-template-basic/settings/wcm/templates/page-content"
        jcr:primaryType="cq:PageContent"
        jcr:title="English"
        sling:resourceType="core/wcm/components/page/v2/page"
        facebookAppId="123456"
        pageTitle="My Site"
        socialMedia="[facebook,pinterest]">
        <root
            jcr:primaryType="nt:unstructured"
            sling:resourceType="core/wcm/components/container/v1/container"
            layout="responsiveGrid">
            <container
                jcr:primaryType="nt:unstructured"
                sling:resourceType="core/wcm/components/container/v1/container">
                <title
                    jcr:primaryType="nt:unstructured"
                    sling:resourceType="core/wcm/components/title/v2/title"/>
                <container
                    jcr:primaryType="nt:unstructured"
                    sling:resourceType="core/wcm/components/container/v1/container"
                    layout="responsiveGrid">
                    <teaser
                        jcr:description="&lt;p>Don't stop half way, go for the top!&lt;/p>&#xd;&#xa;"
                        jcr:primaryType="nt:unstructured"
                        jcr:title="Epic Journey"
                        sling:resourceType="core/wcm/components/teaser/v1/teaser"
                        actionsEnabled="false"
                        descriptionFromPage="false"
                        textIsRich="true"
                        titleFromPage="false"/>
                </container>
            </container>
        </root>
    </jcr:content>
    <home/>
    <attractions/>
    <neighborhoods/>
    <plan/>
    <offers/>
</jcr:root>
